1,USER_MENTION apocalypse save us has surpassed copies sold on ktown4u all versions dreamcatcher USER_MENTION
2,USER_MENTION omar replied who is indescribably above the throne is with us and whoever is under it doesnt scare us
3,USER_MENTION hey dhairya we completely understand how hard it is to wait for such a long time we request you to URL
4,one thing we vow canada or the u.s.a will never belike north and south korea your vile evil sexual way were URL
5,USER_MENTION people assume the system is on their side that if flying eating meat buying plastic tat was really bad they
6,USER_MENTION you use your juju to fight the government you still use it to win us a match at your home you guys are a
7,USER_MENTION us prepares new round of sanctions against russia according to deputy u.s treasury secretary wally adeyemo
8,USER_MENTION what eggciting news something is hopping way to us retweet if you think you know what it is URL
9,USER_MENTION if england score tonight vs ivory coast giveaway a URL box to enter retweet this
10,USER_MENTION i am still wondering which of the us is debunking the fake news of hushpopi committing another fraud from prison is this
